file_id,file_path,file_ref_id
1,fdde1da287ef645878d672d35edb2d9e.jpg,699
2,1c50d52dbe9254e500a5390a4a3fecb7.jpg,700
3,1a0ade594615258bb3adf62b1e1130bb.jpg,701
4,9e7fc301c24011e6d40ec6dd798bf290.jpg,702
5,1c02df27d352caf7b0780fd631512bf4.jpg,703
6,dd9b4b0a80eff28fc65a7f105431f022.jpg,783
7,2e83d7bc595a142d5b8cc7504455fc0e.jpg,809
8,fe9f389134b872478c99a836d55de88e.jpg,860
9,0b2c0f4f7276d5cab9ebf370bc3a4b57.jpg,886
10,5d7e022bfc88ea606725533249e32b08.jpg,911
11,1148c0c947ba828ea344776aa0a78f01.jpg,954
12,59bbfcb2e1844b9599ff015000348c7d.jpg,955
13,873599ca0af52bdbb5630522d6563fd5.jpg,956
14,1e8d6dc02986e7e13576b16a6f372759.jpg,963
15,32cf2b18bc061b77e56b5783aff01222.jpg,970
16,937d96879d6edd9b329e7774b441a1f4.jpg,982
17,f64f51f7a96bb14202569a0586002bf4.jpg,1046
18,4f4d9fa294e26f44f90908a15cafba41.jpg,1060
19,42770aa1de64ddfe6105cdd213adfa9d.jpg,1096
20,576634a42c4a68b90d534f03316d9d02.jpg,1103
21,b5eb64b92ec2bc303a0ab3ae5d25b105.jpg,1116
22,21615ff211c60b43d866a2b2bca320da.jpg,648
23,e4695529e9bbf8b60b6165d76397876b.jpg,649
24,668fe285e7b87ea59a0ba9aff307fa0b.jpg,650
25,ad50363b9b3c0e7cd5049a5778e00aff.jpg,651
26,957f68251a4c401eb034febbf0fc418f.jpg,652
27,bc53d507c26770e8f294fcbf92ef0864.jpg,653
28,a3193da9f744508278b55342b9cabd86.jpg,654
29,5c856eb25b3e1fc73f244a7686864411.jpg,655
30,7b17ec9e1ac0efe68976696eb1e50b37.jpg,656
31,ca0d6da997c7f811cdca8d4563c6a22c.jpg,657
32,0f18514092300971a1d9467fe5706101.jpg,658
33,0e0e83a31054e8919990f9e9c3a6da47.jpg,659
34,6d7087f4961cab56979df573bedb8ec5.jpg,660
35,afb2f0b609b92600310905cf1a1820fe.jpg,661
36,2d8edb28c6792cb00bf850749758d146.jpg,662
37,6e100b693083fe7b237779ffd809d8b7.jpg,663
38,5003d452a8da016f3ed02a6385cf54e8.jpg,664
39,793ea701476d5db2a4fd8cf1e0bf5880.jpg,665
40,ef76ec555f88001101e0e225c3aa91e9.jpg,666
41,bbfb4faa18ee2951b02b656fb34be1d7.jpg,667
42,cb814f6646368a9340b7ed30aa1a9ed7.jpg,668
43,dbf38d4f97abb8ef843a32ffd8c16913.jpg,669
44,c0463a74730bd2dbab86cbb4dec094a0.jpg,670
45,1371abab3c4aabc3692f4afcfda574f7.jpg,723
46,a955a3de9afa2794fbaf8cc2473586cb.jpg,726
47,59d925d75340d64d31d5ce71bf6ceaf4.jpg,727
48,6577c6b0fbc4ba9ae61ff6583dc67c84.jpg,728
49,549dfa53895c3908b16352e73edc2d26.jpg,729
50,99b262cbe486d2d63784c37b0d4354d9.jpg,730
51,4c704b823894e663c696fb5ee0a8793f.jpg,735
52,3de37b3f2de6564a2ea064ec2afe25d4.jpg,736
53,ae252c0654e8edaca099dba64773f3f2.jpg,738
54,e083ac4df288f0b9f03ec1adbe79e026.jpg,739
55,noimage.jpg,749
56,noimage.jpg,750
57,1450fe47fc6d3f93ff072c134eaeda35.jpg,751
58,a7c7e20ef55b9c6f68541bcec8a4cfb6.jpg,752
59,32a94b4f860c9ea010c2508169f36f36.jpg,772
60,8d20793c9524220702360040c923d064.jpg,774
61,1a76fc9d78dc2a3abb4431882931feda.jpg,777
62,0445f454d93c4fcc0efc1c70de029529.jpg,785
63,116c4a6f4a9ff848cca05952e5c3c420.jpg,788
64,c3562f2e9521020de502f370ac3fbe48.jpg,789
65,671fe58af5845f33e7786dd608484c8d.jpg,799
66,ddbd51c6174319adf1ea9a6d30392812.jpg,800
67,c2521bfee169c226099b9168e0b93ff0.jpg,802
68,bfea3555ad38fe476532c5b54f218c09.jpg,803
69,cf0c9728d8bedab6603748ee4cc837b5.jpg,805
70,b3404be4ce8e34f9427382fa15263dea.jpg,806
71,94f6f996ec3a866ce6d587d28bd5b809.jpg,810
72,068055ed933d2e69cfeb9ff2d23bac50.jpg,815
73,12ac80b6fdda073e46f27e2999f2dbe7.jpg,816
74,acbf17dca076404b2078b0d4b135530d.jpg,818
75,4ad6df0790d749b51a9680aaf0316ad3.jpg,819
76,52c96c35c30d11cfb13711cfa4231ac4.jpg,821
77,90c8a860751b252e58c26f97e05856c4.jpg,823
78,0d4be46703e4caec7901c928d2f5e122.jpg,824
79,8f9f14c4f7dd7ce0bc8e0048b00b1155.jpg,826
80,dc7259495409db483f53803df58f17e8.jpg,832
81,e53c2c9f4d6761de9122d72eac64a0cc.jpg,833
82,ac4dbc5bf3793d268025746e30ceec34.jpg,839
83,07da00e383d0881ed3ca8a8acbeba107.jpg,841
84,e63eba4a60c5a7383338249762b2606c.jpg,842
85,5189f3286915715b50cff89ddded1008.jpg,843
86,1f927a512a9909833c7b57ab40062fc5.jpg,849
87,e9c1f51a97744aa713c8967fc1a2c65b.jpg,850
88,6825866abf6ddc014340326b35addd51.jpg,854
89,feb7e9c589993a5a644987614f09b605.jpg,859
90,597106f07a53c1d5cb7a9980c4c166ec.jpg,862
91,d12fc2ba4cae84a5ddd14475d5a89895.jpg,864
92,b221b486bfa5e70a3ef7b7059063a568.jpg,865
93,6384a1a5c65741ab6f8625372f3d4127.jpg,871
94,1b56d005723ad175e526bbe57567b8ab.jpg,874
95,1fb8d2d7c882fbaba1a2c09d1d9cbe68.jpg,879
96,01eec10693d9896b4d757174d0f20dd9.jpg,884
97,bf1e20a4462b71e3cc4cece2a8c96ac8.jpg,885
98,1659cc75227694996edfedee430cb4a4.jpg,887
99,10dd7f46ca2f22ce7ce9308c89d2507c.jpg,892
100,c230427c303c0684b5582388f5d0dfd7.jpg,893
101,04af3f34de2f909b68ae5d07ed6ca171.jpg,898
102,e3cae036c4e2bea1fb8b65e8b2938a97.jpg,899
103,eeca348660096e711cd17c1f61fb2519.jpg,902
104,3bd383cdf9446912a35458166e99234d.jpg,908
105,da3dd9e0dfc073a9278eecf902a909a6.jpg,909
106,b28cbe6511a4db9839d58c5beb3f657f.jpg,921
107,1d11e5ebeed3c42540f69555bbe34fb8.jpg,922
108,f59983a1dd56aec77dd53be09544bf10.jpg,923
109,92147a43a78b5983afe1a0dfa23dc633.jpg,924
110,a47bdb2ae5a99dc68185bc94a1d4224c.jpg,925
111,ed7b17da6cf518a8c679fcad36d4a22c.jpg,927
112,23da450944f0818162562a06dc761501.jpg,929
113,6187e8e3b292df4bec7f162543eed86b.jpg,947
114,98401d211546397e2b8c04cfd4ec5a4d.jpg,949
115,43cb3b26768b82a0e3ec1fb837718565.jpg,959
116,4602f2f5153477027a754713438bf3d0.jpg,966
117,b003cb6a8c5828399d548e534fa42cc6.jpg,968
118,0aa2526f21d94ec0cf0dfc24eb7661b7.jpg,969
119,0afa57c41887ce47355dc00226c6156f.jpg,972
120,98bce7d9d49222dae020697d2909b8d4.jpg,987
121,11ff87b754b564cf2c60e2628d5ec100.jpg,993
122,2448909041eb1b59b4b28c16cb918292.jpg,997
123,3a9fdfdb8b1a460a423baa85a1a46274.jpg,998
124,8f096abef1c84b031550e510893c2d4d.jpg,1002
125,60095eb5824669bc8a1e99665c2e3a96.jpg,1005
126,3f6beb4ab529bb7b00ce1447aa996693.jpg,1009
127,d95ac1e7d6d78552526cbaae66d68531.jpg,1010
128,d223ee4fdebdcd40ae2cd65f88141ed1.jpg,1013
129,1100929ce10c721cac00963df69d3ca3.jpg,1014
130,6111134b69b9dcb9c953bb227317f7fc.jpg,1018
131,a6922ff8cfad5d7f36649c0f9c77253b.jpg,1019
132,dd5c623449414fc88253ba0a5cd4d3e1.jpg,1022
133,c5f6baee01bcaad1c58a783afd54c7cc.jpg,1029
134,01be3d395dd399cb7a1780083126f30b.jpg,1035
135,ebf6e59d749d99dbc015d81db8a7d241.jpg,1045
136,55df0111232e1c4fd8c02e91888d2313.jpg,1052
137,5ff2da698b3b76e8cdb9d0576e73d737.jpg,1053
138,4c55c93b61ad68ff535629a2f86c996e.jpg,1056
139,d72b92e7a132ff40fb2049dc48920977.jpg,1059
140,e8b2abdaaba787535adb9b019745b649.jpg,1062
141,2f4e552d638dc78e77d3d5a128eaa4d7.jpg,1065
142,a60f95e6048a6076bc6ca88177633fab.jpg,1070
143,4ff28a9823b64d31d17bd0411c6126bd.jpg,1083
144,53eba983c09b2ad2c10bfc8ddb9a07aa.jpg,1087
145,52568c24e240b502dc9c33c846cdefde.jpg,1090
146,2db073658ef98ff1d00d15e09c24406a.jpg,1095
147,5bcbc2e6adc6ac9dfb690a3edcb64ab2.jpg,1098
148,2da7e6c037342f54c10e77c0d3e4a775.jpg,1099
149,c435ffd4918b356927e6ff03a359e0db.jpg,1104
150,97a935595bd2614586903fc5e76b1e31.jpg,1111
151,a71eb08b350426b2891f71e7eadd0246.jpg,1114
152,e99cca3cbc010706fcba1d1bd7112857.jpg,677
153,717c6fb0dff4b7bf3cb4cc45603e902e.jpg,678
154,e2dc343852dcc66e453f7f9901577ec5.jpg,679
155,18ff4d910cedae8e6e6069cb21af4163.jpg,680
156,d503b79bddae5a3eeed71620c726e5d6.jpg,681
157,d092a7ea9dcb3e71938975c579e85d9c.jpg,682
158,8eddc4b0895231bbf7f506e7d72e890b.jpg,683
159,007f7dcc1de776ae0fbd86ceae8656ad.jpg,684
160,e9b0f857826ab994b1b1904c051bbf59.jpg,685
161,4cd4eaee1c7cc4757d33459591114de7.jpg,686
162,64f1bd36159ab528d3f0e600c8367f84.jpg,687
163,7faf56e5874604be96ba8fa8c4e07ea4.jpg,688
164,ead47d36e50510c345eb86a3568f763f.jpg,720
165,noimage.jpg,721
166,98cd27a9ec6668fd255be4380c71b8bd.jpg,722
167,noimage.jpg,753
168,bc4c6771b68b0ed330f1918b8b62d9c4.jpg,754
169,e208d5104268085aecc7ece94f6f710e.jpg,755
170,1e6006496cec394e7da669516f53f970.jpg,756
171,72ca15047a78e7b4a322422f38badf4b.jpg,757
172,30acc056eefaa17655fb482e0f42c3aa.jpg,780
173,90c57ca8306bf148ef75c82407e738af.jpg,787
174,e1a325047b148c9441be2b14c42dc196.jpg,791
175,0f9f2c4ac314569afbfb8ab4ee9198bf.jpg,792
176,d1b649d7a1dd257acec4d62941b366d2.jpg,793
177,59107b985636086705aabc0c717a42ae.jpg,794
178,513d7a0ab11e38f7bd117d760146fed3.jpg,807
179,4f411c7dd400d8cc3ebd00031ff0e07d.jpg,834
180,f5a85333d553b860310d6f60f5af8288.jpg,866
181,cc7d5309aa94aa0d0b6c12a9b8c6f0e5.jpg,867
182,639af23831732d3cec36ca36df86cefd.jpg,869
183,1da7a0ac7a34d319d36fde2ba2a083ea.jpg,877
184,e914558b2d1ba8901152392da365c367.jpg,878
185,3d4417dea4b5985d283b0a7dfa9861de.jpg,890
186,d0781aab6107ab09663a5b35f9583041.jpg,891
187,96cba9244d7f9076720df00586971bd0.jpg,900
188,ac9ff722ccee9f796dea38c810f03e02.jpg,917
189,681a23d9bda3cc6608e358bb4db90e3a.jpg,931
190,d7115f2e533cc8bcf91823021f4ba6a2.jpg,936
191,140b52a229a0199a0b5b0f77e425d131.jpg,950
192,51fccc7d7519fea84c85898572d90843.jpg,953
193,f56335a10d7a21c1fd477cd23e9edb72.jpg,988
194,b2817edf79750dc373157d782cce30ec.jpg,994
195,38bf6e198d6986054cbf57dc3edbd491.jpg,995
196,4556f9757414c95d6b9db044b0c9421c.jpg,1008
197,31d056b7a668d052ce81de69c4a46262.jpg,1012
198,534ce826239b10b60fac93e160603051.jpg,1016
199,60468aa82473fd32700d48478784d483.jpg,1024
200,33e2c7a4f18f997a0fbcf33ef09e1b42.jpg,1031
201,db4fc567ca6f38f6ec00bf19dfb7c044.jpg,1032
202,1989b63796ddb198c6c6f884b17b0892.jpg,1064
203,15812787389d5e520282cfe444c2e037.jpg,1066
204,81d7959d6ac82061e9b059ba05e22fc8.jpg,1071
205,5fbbaa5b3f48d64954a6b8e2ae2287a1.jpg,1073
206,08ebf71ab73222fbbefe3b10163d3783.jpg,1077
207,2f2766fb7d5da7e6231d9ac592175eb3.jpg,1086
208,73d7edd1405081e5433c41d9ad2ee18c.jpg,1105
209,884076e32a85fde4d5ab4fe1dc1af0d4.jpg,1113
210,876bf0d06d19e26d37c3ab00d016af7b.jpg,698
211,839998e06c2f41419e3797450bd73178.jpg,717
212,cd04214d115e7a754daa198b57282145.jpg,828
213,55a9ec53054b140fa3784d6b9508fcf5.jpg,906
214,ba8105ffcbf1e654523b3092c0b2fd33.jpg,704
215,9fc5e2a09509b5613281f31393bb0737.jpg,705
216,326f0e6722d312575a00dfbe01ed99ed.jpg,706
217,c5949b98a954ba20a6a6d17790280cde.jpg,707
218,d7e3ca5cbffab97634af0e92f7679a11.jpg,768
219,b9ad772005653afce4d4bd46c2efe842.jpg,814
220,139702ff92e93f29d84ebf976a5dfd8f.jpg,835
221,fd6c1bb5b0a1bed64c5dda3726185da3.jpg,837
222,24c01e452493eba0f9e741ef09a2d61a.jpg,846
223,b98eb4e6d4e5af022817653939abd5f0.jpg,855
224,178044b1339d92618b3b1af938fc75de.jpg,856
225,c5c0a28a3994ca1491828123987c79bf.jpg,870
226,9e18ae44efb984e430f0539350fef656.jpg,876
227,02c3690c1c0f065ff00387ae9425f29c.jpg,914
228,3fcd8f90952a19354e6b0c4b58be99e3.jpg,975
229,35dbf9f9868cc61eca6b56ad6668243d.jpg,979
230,6793dfaeaedce2b3d0e76a48b5f73adc.jpg,980
231,f8ea1c7aff521bedaac5eab4cbe3ce1e.jpg,986
232,7ad7f11d190c995ba540f7eeb4073ef6.jpg,989
233,31975ef4b0d2e52f5e8351d894cbca08.jpg,991
234,67df04ded316a5b3c8f749febe0cedd2.jpg,1000
235,b80ea3ea38e44cb9b41c65c79ffde000.jpg,1028
236,55bd777287987cb3888bd81f33e8a7ad.jpg,691
237,edc0638bab3e8797f6e26ab82f87fc49.jpg,692
238,f269038fa4534045b59925e7d5e023e1.jpg,693
239,eebad02b9c5415f9ba153e4096437663.jpg,694
240,6d7013048d0c128a879704427738873c.jpg,695
241,e2038313f12263de225294bb4b49bfba.jpg,696
242,8d7346542ffded93378375d0c10efb4f.jpg,697
243,0bbf3df5693cbd3118c040cdf0cdd245.jpg,905
244,ce43e0138300eb98aad587492745826b.jpg,913
245,ccdc9739c83f032bb1c664f00a4afaf7.jpg,933
246,159fc61fd0fc009a5ca070136f874aef.jpg,934
247,ed665975b819d9e4bff8f3321152810d.jpg,938
248,a8d0ef5be4cf3931cfa015ddb11dde9d.jpg,939
249,c86ae9bf9d69e790910600aa8bced4fe.jpg,942
250,2dee5982cbdc2b7b7b3c545e34831370.jpg,946
251,8181cbd90df5a1571a01396c2c96d8d0.jpg,965
252,a39a6f25dc4540ba260d65470894f1a3.jpg,1044
253,435f56c3ee714a62eba91b0d67860eb3.jpg,1049
254,31a4faa1393284941a0a77ff3faf2c17.jpg,1081
255,2b6800ed3449797f0570e3909a6130fd.jpg,1112
256,c117827dcb434d781be62e3d9512c6d2.jpg,1117
257,cf4d07138ccd7b2e00d844e525c2ae86.jpg,689
258,8e7bd2cc5d4f67673f13afdbefce0937.jpg,690
259,bf26253d7b8f171dddb155f84ce1d562.jpg,724
260,4c5025fc27e21ebeebad07703ddb77e0.jpg,725
261,f9adbb275ff31ab154bc7deaace15fcf.jpg,770
262,5b74e738223d177a4030153c35f64896.jpg,797
263,9ec5addc67447038d196a2fc30522c2d.jpg,798
264,5d231997759398fd54d0c1f438d55347.jpg,829
265,e8dcebfd55c9d5d7bbfc0a0f8263a6f3.jpg,830
266,59cf578b8924155f92d236307362633c.jpg,836
267,b77c990e633dac0ff65890b0db32f237.jpg,840
268,6648f45035a47efdafeee4d3f3f056e4.jpg,845
269,1b15decb97a7e442d17245363ff90a02.jpg,872
270,2fe3e76a66d4105790a62f68d8e5622a.jpg,873
271,423c23827096d15f6a3f90fd1a691b32.jpg,888
272,64cd5fc4f5bc6730d92d5c2a957adb10.jpg,916
273,1d1408e4e294e66373eaa690c4062382.jpg,996
274,7c1e447b255bbf211e80f00dade07568.jpg,1027
275,5ba0ce4fb25e6baf97c680536d74046a.jpg,1033
276,c69e8f1ae422a507cd1a8d70ce0bd45c.jpg,1037
277,c7726f5ad947c814df35c64905184dce.jpg,1041
278,70f7f16131bcee9413b03bd0296217c6.jpg,1047
279,1789963c93f14377406204a5c197f3cc.jpg,1051
280,c541f0d622d8e202dd3df852fd92a95d.jpg,1057
281,5cf8d68adfbc926b964baa0e9f5b8056.jpg,1079
282,d29f0d8464ae634a0159c9d567754fce.jpg,1102
283,ce93b7c97ea8831859bbe17c36b83648.jpg,1106
284,65829020f6ea67f48aa759d3dd32c68a.jpg,1110
285,a6e4d9622a775d7eed800918154a7577.jpg,1119
286,4cbaabc235457a2dc97a1a76ff39c8ea.jpg,1121
287,3b3137a08b8bf22969ae75f6bfeed67f.jpg,671
288,ac9eaae1d1c1dba787e6549c691345ac.jpg,672
289,8f704c6e91e045c72378c71d940a59ce.jpg,673
290,e0b863f873638efa81a0f8773b39882d.jpg,674
291,a6026d97db0c19ba76f2c5c141efd324.jpg,675
292,9cb6e71fd379c0a6d58ef216f9910ae9.jpg,676
293,e1ef6b1511175103949b82a229ea0710.jpg,731
294,f59fd3a46f2adbbd9dd6269010353971.jpg,732
295,0a47a31ecf1649c40be3821bbc214aed.jpg,796
296,e7a6f6b910c37abcb54adf404e3a392a.jpg,827
297,e6f7eb86455f00eeac074fd25095dcde.jpg,861
298,893c4fdc824f051f07606f44d5d60e5a.jpg,881
299,e26e070f0b61121e8e747746e6882f29.jpg,883
300,c54cd01619725a4dabebc35be504cd7b.jpg,895
301,b184fcc64e2c630bc6793d8e1c9e3f5e.jpg,919
302,04ccfa5912a78134b8056676f3532d14.jpg,935
303,15af91003feb7702e5dbaacbf2f17e89.jpg,941
304,1990ac324e26b7e716caf3c87ed6c195.jpg,951
305,7586bcdd7a745d843a3897512742ccdb.jpg,957
306,755a09762452d6eb5c314d532540d319.jpg,960
307,3d105248b10b0d962a881701f9482c8d.jpg,961
308,48e356cffadcfae02e8c0dc7e82338a0.jpg,962
309,84dcf8a8cba0259cf11299c1eef358f9.jpg,973
310,d32703e4d6167ce27e1a9881230505a2.jpg,1003
311,0cd16382a44dd5666a6cdb7bae9c7fbd.jpg,1007
312,0ca34323b100a0e16065d211a598d1fe.jpg,1021
313,f44997cb312b542bbd55c895274ee230.jpg,1039
314,24eb469de76283bf95760d20fb997762.jpg,1043
315,19ace523c3fcf08ab0aa2a0aa1b550ec.jpg,1055
316,noimage.jpg,1068
317,0f597c772f890f86635f670eec728e88.jpg,1069
318,f66da0157e88ccf3deb2fbdbfc220fe0.jpg,1074
319,649c1b234f9e05214b0a8859fe37993f.jpg,1075
320,64ca0a634602805d9129303f1b94d936.jpg,1092
321,67dcc46237b8f15ce4fdbadcc79dc8ea.jpg,1093
322,e13c4c6b684536ecde3ac77213ca4d80.jpg,1101
323,786f856dfc58fd9ed7b812d2cbc13c76.jpg,1107
324,2cf1f8d39e0698fbf0c2be15e9fa8cfb.jpg,1120
325,3e8e1949f1c3300c7f060866b463e01c.jpg,709
326,0345422ddcb43c580d78147360d8e84a.jpg,712
327,9eaf563f474da469b42b79c34303a158.jpg,713
328,0bb2d4215d5de184c10e9f50ee1d9553.jpg,714
329,64cf547a8aac0c429c1de171c29426f0.jpg,715
330,dfa7f6322712614e6e049fc346875c0a.jpg,716
331,f63fb9fc1888bac2143cb5d1de3bea0f.jpg,718
332,85ca514f9886a96d3c067f991afcb736.jpg,719
333,3cee03f16e025a4c4456f628550bf95f.jpg,742
334,c7a3fcdf1f8fdd8c2e3654d9a5cbc6a0.jpg,743
335,d1ed2bf3d11f7e7a6f189af32a153713.jpg,781
336,b0d7d8c971b982fb6678172b9076bb96.jpg,880
337,9ee28f01f100eeeb1372f6866ddd0d3a.jpg,894
338,19b2674528b4d5fa396dcc8c20062871.jpg,918
339,b4d7de5ff725512a637402454dd08203.jpg,984
340,b9def02b6d20f4f0adb6e889f99af491.jpg,1025
341,5e8173bf39566531ecfe4424fce66d85.jpg,1036
342,9139b86f02108abdcc0129521eca5e85.jpg,848
343,8212207f146778f83156ffc204ca380c.jpg,853
344,edb573a17581af3290eff07627fcedd0.jpg,844
345,6ffa065634b02c07506d37e072a9ff8b.jpg,851
346,4b40c73d585255a6299314146674b253.jpg,776
347,539ae9434274fcaedab8deb6007ffb6b.jpg,778
348,ca518bf183c339c376b4bdc5c275df01.jpg,812
349,bedd85fe36f92bf9288d87a48e3bbfff.jpg,813
350,bb649b5e9b78ccc3d37b687d9b2104de.jpg,978
351,f886601d84b861950b399355947b6811.jpg,858
